PersonId,FirstName,MiddleName,LastName,EmailAddress,Username,Password,Status
1,"Drew",,"Thirty",,"panginoondthirty","1234",2
2,"Angelo","Capa","Guiam","acguiam@gmail.com","gelloguiam","password",2
3,"Rick",,"Dorgon",,"rdorgon","rdorgon",2
4,"Tony",,"Milliones",,"tmilliones","tmilliones",2
5,"Carter","I","Dillon","aliquet.lobortis.nisi@Cumsociisnatoque.com","Gareth","6454",1
6,"Kasimir","T","Oconnor","libero.dui.nec@tristiqueaceleifend.com","Donovan","5666",1
7,"Tamara","N","Chaney","Nulla@loremlorem.co.uk","Gannon","9069",1
8,"Quentin","Q","Fitzpatrick","suscipit@vulputate.net","Hamilton","1507",1
9,"George","K","Jarvis","dolor.Nulla.semper@faucibusut.ca","Acton","8799",1
10,"Tatiana","B","David","Etiam@estmollisnon.ca","Ivory","2458",1
11,"Wade","A","Hughes","fringilla.Donec.feugiat@cubiliaCurae.com","Zenia","8897",1
12,"Haley","Q","Gray","leo.Cras@quisturpis.net","Whilemina","1165",1
13,"Emmanuel","F","Witt","eros.turpis@vulputate.ca","Macaulay","3015",1
14,"Leo","I","Coffey","facilisis.non@sodalesnisi.ca","Lacota","1544",1
15,"Carol","N","Massey","Fusce.aliquam@etrutrumeu.ca","Lacy","1196",1
16,"Flynn","X","Ramsey","Pellentesque.habitant.morbi@fringillaporttitorvulputate.org","Alana","9394",1
17,"Melodie","Z","Wood","ipsum.Suspendisse.non@arcuvel.ca","Amethyst","8725",1
18,"Ryan","F","Schwartz","non.justo.Proin@nibh.co.uk","Selma","3981",1
19,"Channing","Y","Gallegos","Proin@arcueuodio.org","Elizabeth","3447",1
20,"Zephr","N","Barton","imperdiet@nonhendrerit.ca","Inez","5078",1
21,"Maxine","E","Kemp","penatibus.et.magnis@ornarefacilisiseget.ca","Keaton","9332",1
22,"John","H","Case","purus@orciquislectus.co.uk","Alma","1987",1
23,"Rebecca","A","Colon","dolor.Quisque.tincidunt@eueratsemper.net","Edward","9362",1
24,"Armand","B","Peterson","justo@Nuncpulvinararcu.co.uk","Pandora","4283",1
25,"Gello","C","Guiam","acguiam@up.edu.phk","acguiam","password",1
